[
  {
    "baseType": 0,
    "name": "bol",
    "defaultValue": "true",
    "description": "rrrrrrrrrrrrrrrrrrrrrrrt",
    "helpText": "grtrtrtrtrtrtrtrtrtrtrtrtrtrtrtrtrtrt",
    "isSystem": false
  },
  {
    "baseType": 21,
    "name": "Combo",
    "description": "test combo value",
    "helpText": "test combo value",
    "isSystem": false,
    "values": [
      {
        "value": "Value A and Value B",
        "isDefault": false,
        "isVisible": true
      },
      {
        "value": "Value C and Value D",
        "isDefault": true,
        "isVisible": true
      }
    ]
  },
  {
    "baseType": 5,
    "name": "Hierarchy",
    "description": "dfdwert",
    "helpText": "r54tttttttttt",
    "isSystem": false,
    "delimiter": " ",
    "categories": [
      "Label 1",
      "Label 2"
    ],
    "values": [
      "Level 1",
      " H1",
      " H2",
      "Level 2",
      " H3",
      " H4"
    ]
  },
  {
    "baseType": 22,
    "name": "List",
    "description": "erwrteeeeeeeeeeeeeeeeeeeeeeeee",
    "helpText": "rttttttttqwefreg",
    "isSystem": false,
    "values": [
      {
        "value": "List1",
        "isDefault": false,
        "isVisible": true
      },
      {
        "value": "List2",
        "isDefault": true,
        "isVisible": true
      }
    ]
  },
  {
    "baseType": 1,
    "name": "number",
    "description": "",
    "helpText": "",
    "isSystem": false,
    "minValue": "",
    "maxValue": "",
    "units": ""
  },
  {
    "baseType": 7,
    "name": "password",
    "description": "rrrrrrrrrrrrrrrrrrrr",
    "helpText": "rrrrrrrrrrrrrrrrr",
    "isSystem": false,
    "minLength": 0,
    "maxLength": 30,
    "validationRegex": "",
    "isValidate": false
  },
  {
    "baseType": 3,
    "name": "text",
    "defaultValue": "",
    "description": "testmessage",
    "helpText": "",
    "isSystem": false,
    "minLength": 0,
    "maxLength": 2000,
    "validationRegex": "[A-Z,a-z]*",
    "isValidate": true
  },
  {
    "baseType": 3,
    "name": "text1",
    "defaultValue": "test",
    "description": "",
    "helpText": "",
    "isSystem": false,
    "minLength": 0,
    "maxLength": 30,
    "validationRegex": "",
    "isValidate": false
  }
]