{
  "integrations": [
    {
      "id": "db2768cd-e494-4b8d-bc26-73155e1814ac",
      "name": "Send to sites",
      "action": "RUN_SCRIPT",
      "type": "OUTBOUND_WEBHOOK",
      "triggeredBy": "STATUS",
      "deployed": true,
      "form": "5124bdbb-802b-40db-b028-5e236e6c50ae",
      "script": "var payload = JSON.parse(request.body);\n\nif (payload.eventProperties && Array.isArray(payload.eventProperties)) {\n   var eventProperties = payload.eventProperties;\n    payload.eventProperties = {};\n\n    for (var i = 0; i < eventProperties.length; i++) {\n        var eventProperty = eventProperties[i];\n        var key = Object.keys(eventProperty)[0];\n       payload.eventProperties[key] = eventProperty[key];\n    }\n}\n//if event status is active do this..\nif (payload.status == 'active') {\n//split the location property into an array of seperate values\nvar locationSplit = payload.eventProperties.Locations.replace(/\\s/g, '');\nvar formattedSites = locationSplit.split(',');\n\nconsole.log(\"formattedSites: \" + formattedSites);\n//for every location do a GET PEOPLE call and find the people that belong to it\nfor (var i =0; i < formattedSites.length; i++) {\nconsole.log(\"Entering call..\");\nvar lookUpSites = http.request({\n        \"endpoint\": \"xMatters\",\n        \"method\": \"GET\",\n        \"path\": \"/api/xm/1/people/?propertyName=current_location&propertyValue=\" + formattedSites[i]\n    });\nconsole.log(\"In the call..\");\n    var lookUpSitesResponse = lookUpSites.write();\n    console.log(\"result: \" + lookUpSitesResponse.statusCode + \" \" + lookUpSitesResponse.body);\n    \n    var respBody = JSON.parse(lookUpSitesResponse.body);\n    \n    console.log(\"Response body: \" + respBody);\n    \nconsole.log(\"Count \" + respBody.count)\nif(respBody.count !== 0) {\n//for every person returned from GET call, set them as recipient of the next call \nconsole.log(\"Entering post form..\");\nvar recipients = [];\n\nfor (i=0;i<respBody.data.length;i++) {\nvar currentlocation = respBody.data[i].properties.current_location;\nrecipients.push({\"targetName\":respBody.data[i].targetName});\n}\n//send a rest call to xmatters form to send emergency message to recipients found above\nvar request = http.request({ \n     \"endpoint\": \"xMatters\",\n     \"path\": \"/reapi/2015-04-01/forms/61dcdb7e-3aac-4e2a-bffe-42e3360a7b2b/triggers\",\n     \"method\": \"POST\",\n     \"headers\" : {\"Content-Type\": \"application/json\"}\n });\n\nvar data = {};\ndata.properties = {};\ndata.properties.message = payload.eventProperties.Message;\ndata.properties.Locations = currentlocation;\ndata.recipients = recipients;\n\nvar response = request.write(data);\n\nif (response.statusCode == 200) {\n   var json3 = JSON.parse(response.body);\n   console.log( \"New event generated for: \" + recipients);\n }\n \n// Write the response to the activity stream\nconsole.log(JSON.stringify(response));\n}\n}\n}",
      "environment": "HOSTED",
      "authType": "NONE"
    }
  ],
  "endpoints": [],
  "constants": []
}