[
  {
    "baseType": 22,
    "name": "Locations",
    "description": "",
    "helpText": "",
    "isSystem": false,
    "values": [
      {
        "value": "Atlanta",
        "isDefault": false,
        "isVisible": true
      },
      {
        "value": "San Francisco",
        "isDefault": false,
        "isVisible": true
      },
      {
        "value": "Seattle",
        "isDefault": false,
        "isVisible": true
      },
      {
        "value": "Vancouver",
        "isDefault": false,
        "isVisible": true
      }
    ]
  },
  {
    "baseType": 3,
    "name": "Message",
    "defaultValue": "",
    "description": "",
    "helpText": "",
    "isSystem": false,
    "minLength": 0,
    "maxLength": 20000,
    "validationRegex": "",
    "isValidate": false
  }
]